StartSample,EndSample,StartTimeFromEpochSeconds,StartTimeRelativeToStimulusSeconds,MeanAbsoluteDifferenceHz,GroupAMeanAbsoluteDifferenceHz,GroupBMeanAbsoluteDifferenceHz,RootMeanSquaredDifferenceHz,MaximumAbsoluteDifferenceHz,MatchingPercentage
131,1380,0.52,0.02,0.158892857142857,0.0288333333333333,0.231148148148148,0.349592881134159,1.94,55.3571428571429
133,1382,0.528,0.028,0.159190476190476,0.0288333333333333,0.231611111111111,0.349663818137201,1.94,55.3571428571429
129,1378,0.512,0.012,0.159309523809524,0.0288333333333333,0.231796296296296,0.350378061120107,1.94,56.25
130,1379,0.516,0.016,0.159785714285714,0.0288333333333333,0.232537037037037,0.350468654486785,1.94,55.3571428571429
132,1381,0.524,0.024,0.160142857142857,0.0315,0.231611111111111,0.349981439417161,1.94,55.3571428571429
124,1373,0.492,-0.008,0.16175,0.0373333333333333,0.23087037037037,0.356583356981492,1.94,58.0357142857143
135,1384,0.536,0.036,0.162880952380952,0.0288333333333333,0.237351851851852,0.353711758267248,1.94,56.25
136,1385,0.54,0.04,0.162880952380952,0.0288333333333333,0.237351851851852,0.353711758267248,1.94,56.25
134,1383,0.532,0.032,0.163059523809524,0.0288333333333333,0.237629629629629,0.353708953533161,1.94,55.3571428571429
123,1372,0.488,-0.012,0.163833333333333,0.0431666666666667,0.23087037037037,0.357283767440098,1.94,57.1428571428571
127,1376,0.504,0.004,0.164130952380952,0.0373333333333333,0.234574074074074,0.357860851294031,1.94,57.1428571428571
140,1389,0.556,0.056,0.16425,0.0288333333333333,0.239481481481481,0.357272660538494,1.94,56.25
125,1374,0.496,-0.004,0.164428571428571,0.0373333333333333,0.235037037037037,0.35795786530447,1.94,57.1428571428571
126,1375,0.5,0,0.164428571428571,0.0373333333333333,0.235037037037037,0.35795786530447,1.94,57.1428571428571
128,1377,0.508,0.008,0.164428571428571,0.0431666666666667,0.231796296296296,0.355373858584279,1.94,56.25
139,1388,0.552,0.052,0.165559523809524,0.0288333333333333,0.241518518518518,0.357547454947847,1.94,56.25
137,1386,0.544,0.044,0.165857142857143,0.0288333333333333,0.241981481481481,0.357616814082176,1.94,56.25
138,1387,0.548,0.048,0.165857142857143,0.0288333333333333,0.241981481481481,0.357616814082176,1.94,56.25
122,1371,0.484,-0.016,0.165916666666667,0.0431666666666667,0.234111111111111,0.360669164237457,1.94,57.1428571428571
120,1369,0.476,-0.024,0.168119047619047,0.0445,0.236796296296296,0.361246332435933,1.94,55.3571428571429
121,1370,0.48,-0.02,0.168416666666667,0.0445,0.237259259259259,0.361260063296973,1.94,55.3571428571429
142,1391,0.564,0.064,0.168654761904762,0.0296666666666666,0.24587037037037,0.362236362807052,1.94,56.25
143,1392,0.568,0.068,0.168654761904762,0.0296666666666666,0.24587037037037,0.362236362807052,1.94,56.25
150,1399,0.596,0.096,0.168833333333333,0.0318333333333333,0.244944444444444,0.364183834181811,1.94,55.3571428571429
141,1390,0.56,0.06,0.169130952380952,0.0296666666666666,0.246611111111111,0.362321253138965,1.94,55.3571428571429
145,1394,0.576,0.076,0.169130952380952,0.0318333333333333,0.245407407407407,0.362723527142722,1.94,56.25
146,1395,0.58,0.08,0.169130952380952,0.0318333333333333,0.245407407407407,0.362723527142722,1.94,56.25
144,1393,0.572,0.072,0.169547619047619,0.0296666666666666,0.247259259259259,0.363731356910564,1.94,57.1428571428571
109,1358,0.432,-0.068,0.170738095238095,0.0385,0.244203703703704,0.374257073604304,1.94,54.4642857142857
118,1367,0.468,-0.032,0.171095238095238,0.042,0.242814814814815,0.371340482533555,1.94,55.3571428571429
110,1359,0.436,-0.064,0.171333333333333,0.0385,0.245129629629629,0.374204054765812,1.94,53.5714285714286
149,1398,0.592,0.092,0.171392857142857,0.0318333333333333,0.248925925925926,0.367732358246575,1.94,55.3571428571429
111,1360,0.44,-0.06,0.171630952380952,0.0385,0.245592592592592,0.374402836697299,1.94,53.5714285714286
148,1397,0.588,0.088,0.171690476190476,0.0318333333333333,0.249388888888889,0.367000529820992,1.94,56.25
153,1402,0.608,0.108,0.172404761904762,0.0426666666666666,0.244481481481481,0.36796699084185,1.94,54.4642857142857
154,1403,0.612,0.112,0.172404761904762,0.0426666666666666,0.244481481481481,0.36796699084185,1.94,54.4642857142857
107,1356,0.424,-0.076,0.172523809523809,0.0493333333333333,0.240962962962963,0.373184632375544,1.94,53.5714285714286
147,1396,0.584,0.084,0.172702380952381,0.0318333333333333,0.250962962962963,0.367322065767903,1.94,56.25
108,1357,0.428,-0.072,0.172821428571428,0.0493333333333333,0.241425925925926,0.37345834429108,1.94,53.5714285714286
119,1368,0.472,-0.028,0.173178571428571,0.0478333333333334,0.242814814814815,0.372013109941375,1.94,54.4642857142857
151,1400,0.6,0.1,0.174488095238095,0.0426666666666666,0.247722222222222,0.368616170226403,1.94,54.4642857142857
152,1401,0.604,0.104,0.175083333333333,0.0426666666666666,0.248648148148148,0.368734569222472,1.94,53.5714285714286
117,1366,0.464,-0.036,0.175261904761905,0.042,0.249296296296296,0.38125589248634,1.94,55.3571428571429
161,1410,0.64,0.14,0.175678571428571,0.0421666666666666,0.249851851851852,0.370353359794549,1.94,55.3571428571429
160,1409,0.636,0.136,0.176690476190476,0.0421666666666666,0.251425925925926,0.370671987371884,1.94,55.3571428571429
162,1411,0.644,0.144,0.17675,0.0451666666666666,0.249851851851852,0.370546175602944,1.94,54.4642857142857
163,1412,0.648,0.148,0.177047619047619,0.0451666666666666,0.250314814814815,0.371206879811039,1.94,54.4642857142857
156,1405,0.62,0.12,0.177285714285714,0.0413333333333333,0.252814814814815,0.373128802392154,1.94,55.3571428571429
157,1406,0.624,0.124,0.177285714285714,0.0413333333333333,0.252814814814815,0.373128802392154,1.94,55.3571428571429
158,1407,0.628,0.128,0.177285714285714,0.0413333333333333,0.252814814814815,0.373128802392154,1.94,55.3571428571429
115,1364,0.456,-0.044,0.177642857142857,0.042,0.253,0.382108425981879,1.94,54.4642857142857
116,1365,0.46,-0.04,0.177642857142857,0.042,0.253,0.382108425981879,1.94,54.4642857142857
164,1413,0.652,0.152,0.177702380952381,0.0428333333333333,0.252629629629629,0.371428634004878,1.94,54.4642857142857
155,1404,0.616,0.116,0.177761904761905,0.0426666666666666,0.252814814814815,0.37317134027997,1.94,54.4642857142857
165,1414,0.656,0.156,0.178,0.0428333333333333,0.253092592592592,0.372290347947141,1.94,54.4642857142857
114,1363,0.452,-0.048,0.179428571428571,0.047,0.253,0.382575472375703,1.94,53.5714285714286
159,1408,0.632,0.132,0.179964285714286,0.0413333333333333,0.256981481481481,0.375130802584404,1.94,55.3571428571429
106,1355,0.42,-0.08,0.180261904761905,0.066,0.243740740740741,0.383531139440639,1.94,53.5714285714286
113,1362,0.448,-0.052,0.180619047619047,0.047,0.254851851851852,0.383621661751626,1.94,53.5714285714286
104,1353,0.412,-0.088,0.181452380952381,0.066,0.245592592592593,0.382925383340344,1.94,53.5714285714286
105,1354,0.416,-0.084,0.181452380952381,0.066,0.245592592592593,0.382925383340344,1.94,53.5714285714286
112,1361,0.444,-0.056,0.182107142857143,0.0536666666666667,0.253462962962963,0.38409978242267,1.94,53.5714285714286
103,1352,0.408,-0.092,0.185619047619048,0.066,0.252074074074074,0.384961480241649,1.94,52.6785714285714
166,1415,0.66,0.16,0.185678571428571,0.0468333333333333,0.262814814814815,0.392108292055157,1.94,53.5714285714286
167,1416,0.664,0.164,0.185678571428571,0.0468333333333333,0.262814814814815,0.392108292055157,1.94,53.5714285714286
177,1426,0.704,0.204,0.185857142857143,0.0443333333333333,0.264481481481481,0.386353146704222,1.77,54.4642857142857
172,1421,0.684,0.184,0.186273809523809,0.0451666666666666,0.264666666666667,0.394388848082782,1.94,53.5714285714286
91,1340,0.36,-0.14,0.186452380952381,0.0626666666666666,0.255222222222222,0.399196743076067,1.94,52.6785714285714
92,1341,0.364,-0.136,0.186452380952381,0.0626666666666666,0.255222222222222,0.399196743076067,1.94,52.6785714285714
178,1427,0.708,0.208,0.18675,0.0443333333333333,0.26587037037037,0.388618973223396,1.77,54.4642857142857
168,1417,0.668,0.168,0.186869047619048,0.0468333333333333,0.264666666666667,0.394630256927341,1.94,53.5714285714286
169,1418,0.672,0.172,0.186869047619048,0.0468333333333333,0.264666666666667,0.394630256927341,1.94,53.5714285714286
170,1419,0.676,0.176,0.186869047619048,0.0468333333333333,0.264666666666667,0.394630256927341,1.94,53.5714285714286
171,1420,0.68,0.18,0.186869047619048,0.0468333333333333,0.264666666666667,0.394630256927341,1.94,53.5714285714286
94,1343,0.372,-0.128,0.186869047619048,0.0626666666666666,0.25587037037037,0.399313528008749,1.94,52.6785714285714
174,1423,0.692,0.192,0.187047619047619,0.0451666666666666,0.26587037037037,0.395722295202879,1.94,54.4642857142857
95,1344,0.376,-0.124,0.187166666666667,0.0626666666666666,0.256333333333333,0.399546995467744,1.94,52.6785714285714
173,1422,0.688,0.188,0.187642857142857,0.0451666666666666,0.266796296296296,0.396113189290837,1.94,54.4642857142857
176,1425,0.7,0.2,0.187940476190476,0.0443333333333333,0.267722222222222,0.396063096223917,1.94,54.4642857142857
102,1351,0.404,-0.096,0.188,0.0726666666666666,0.252074074074074,0.38617593038193,1.94,52.6785714285714
175,1424,0.696,0.196,0.188238095238095,0.0451666666666666,0.267722222222222,0.396123207144059,1.94,54.4642857142857
179,1428,0.712,0.212,0.188238095238095,0.0443333333333333,0.268185185185185,0.388585785507412,1.77,53.5714285714286
100,1349,0.396,-0.104,0.189071428571429,0.0726666666666666,0.253740740740741,0.397363463622692,1.94,50.8928571428571
93,1342,0.368,-0.132,0.189428571428571,0.0626666666666666,0.259851851851852,0.400486935759814,1.94,51.7857142857143
97,1346,0.384,-0.116,0.189428571428571,0.0743333333333333,0.25337037037037,0.399000367983281,1.94,50.8928571428571
99,1348,0.392,-0.108,0.189666666666667,0.0726666666666666,0.254666666666667,0.397513232284499,1.94,50.8928571428571
90,1339,0.356,-0.144,0.190619047619048,0.0626666666666666,0.261703703703704,0.402695412487025,1.94,52.6785714285714
98,1347,0.388,-0.112,0.191452380952381,0.0726666666666666,0.257444444444444,0.400363059441152,1.94,50.8928571428571
101,1350,0.4,-0.1,0.192642857142857,0.0726666666666666,0.259296296296296,0.400779132064548,1.94,51.7857142857143
96,1345,0.38,-0.12,0.193416666666667,0.0793333333333333,0.256796296296296,0.406452060860537,1.94,52.6785714285714
88,1337,0.348,-0.152,0.193892857142857,0.0588333333333333,0.268925925925926,0.409484412556796,1.94,55.3571428571429
85,1334,0.336,-0.164,0.194369047619048,0.0588333333333333,0.269666666666667,0.408742389861684,1.94,54.4642857142857
84,1333,0.332,-0.168,0.195559523809524,0.0588333333333333,0.271518518518518,0.410038838655985,1.94,54.4642857142857
82,1331,0.324,-0.176,0.195678571428571,0.0571666666666666,0.27262962962963,0.409811348390746,1.94,54.4642857142857
180,1429,0.716,0.216,0.19597619047619,0.0443333333333333,0.280222222222222,0.394582489816567,1.77,51.7857142857143
86,1335,0.34,-0.16,0.196452380952381,0.0588333333333333,0.272907407407407,0.410628757140164,1.94,54.4642857142857
87,1336,0.344,-0.156,0.196452380952381,0.0588333333333333,0.272907407407407,0.410628757140164,1.94,54.4642857142857
83,1332,0.328,-0.172,0.196571428571429,0.0588333333333333,0.273092592592593,0.41032665075213,1.94,54.4642857142857
70,1319,0.276,-0.224,0.196630952380952,0.0585,0.27337037037037,0.403352646133451,1.77,53.5714285714286
78,1327,0.308,-0.192,0.196869047619048,0.0585,0.273740740740741,0.410483773822338,1.94,53.5714285714286
81,1330,0.32,-0.18,0.196928571428571,0.0593333333333333,0.27337037037037,0.411099599795939,1.94,53.5714285714286
181,1430,0.72,0.22,0.197166666666667,0.046,0.281148148148148,0.395027254434465,1.77,50.8928571428571
69,1318,0.272,-0.228,0.19722619047619,0.0585,0.274296296296296,0.405266549557789,1.77,53.5714285714286
89,1338,0.352,-0.148,0.197285714285714,0.0626666666666666,0.272074074074074,0.410295218917631,1.94,52.6785714285714
79,1328,0.312,-0.188,0.197345238095238,0.0585,0.274481481481481,0.411213004318486,1.94,53.5714285714286
80,1329,0.316,-0.184,0.197642857142857,0.0593333333333333,0.274481481481481,0.41127331313281,1.94,53.5714285714286
76,1325,0.3,-0.2,0.198952380952381,0.0643333333333333,0.273740740740741,0.411413195534997,1.94,53.5714285714286
77,1326,0.304,-0.196,0.198952380952381,0.0643333333333333,0.273740740740741,0.411413195534997,1.94,53.5714285714286
71,1320,0.28,-0.22,0.199607142857143,0.0585,0.278,0.415434969984129,1.94,53.5714285714286
72,1321,0.284,-0.216,0.200202380952381,0.0585,0.278925925925926,0.419864991528361,1.94,53.5714285714286
75,1324,0.296,-0.204,0.201035714285714,0.0643333333333333,0.276981481481481,0.412710869622744,1.94,53.5714285714286
67,1316,0.264,-0.236,0.201214285714286,0.0609999999999999,0.279111111111111,0.403325590244447,1.77,52.6785714285714
68,1317,0.268,-0.232,0.201809523809524,0.0585,0.281425925925926,0.407656027194418,1.77,52.6785714285714
186,1435,0.74,0.24,0.201928571428571,0.0476666666666667,0.28762962962963,0.399698427984566,1.77,50.8928571428571
187,1436,0.744,0.244,0.20222619047619,0.0476666666666667,0.288092592592592,0.400206920686136,1.77,50.8928571428571
188,1437,0.748,0.248,0.20222619047619,0.0476666666666667,0.288092592592592,0.400206920686136,1.77,50.8928571428571
185,1434,0.736,0.236,0.202821428571428,0.0476666666666667,0.289018518518518,0.401889021639414,1.77,50.8928571428571
190,1439,0.756,0.256,0.202821428571429,0.051,0.287166666666667,0.399243958119892,1.77,50.8928571428571
62,1311,0.244,-0.256,0.203595238095238,0.0579999999999999,0.284481481481481,0.402051909702265,1.77,51.7857142857143
66,1315,0.26,-0.24,0.203892857142857,0.0609999999999999,0.283277777777778,0.404563384089603,1.77,51.7857142857143
73,1322,0.288,-0.212,0.203892857142857,0.0609999999999999,0.283277777777778,0.421995570953964,1.94,53.5714285714286
61,1310,0.24,-0.26,0.204190476190476,0.0579999999999999,0.285407407407407,0.398801408588364,1.77,50.8928571428571
189,1438,0.752,0.252,0.204309523809524,0.051,0.289481481481481,0.402769312445249,1.77,50.8928571428571
74,1323,0.292,-0.208,0.205083333333333,0.0643333333333333,0.283277777777778,0.422653306458517,1.94,53.5714285714286
183,1432,0.728,0.228,0.2055,0.051,0.291333333333333,0.402818571552134,1.77,50.8928571428571
184,1433,0.732,0.232,0.2055,0.051,0.291333333333333,0.402818571552134,1.77,50.8928571428571
182,1431,0.724,0.224,0.205797619047619,0.051,0.291796296296296,0.402978622064831,1.77,50.8928571428571
191,1440,0.76,0.26,0.205797619047619,0.051,0.291796296296296,0.405090260371215,1.77,50
64,1313,0.252,-0.248,0.206452380952381,0.0609999999999999,0.287259259259259,0.41700807917262,1.77,51.7857142857143
210,1459,0.836,0.336,0.207345238095238,0.0510000000000001,0.294203703703704,0.400328367202852,1.77,50
65,1314,0.256,-0.244,0.207642857142857,0.0609999999999999,0.289111111111111,0.417426573716198,1.77,51.7857142857143
192,1441,0.764,0.264,0.207880952380952,0.0651666666666667,0.287166666666667,0.404980040660442,1.77,49.1071428571429
211,1460,0.84,0.34,0.207940476190476,0.0526666666666667,0.294203703703704,0.401348055812859,1.77,50
195,1444,0.776,0.276,0.208297619047619,0.0635,0.288740740740741,0.402855511929604,1.77,49.1071428571429
59,1308,0.232,-0.268,0.208357142857143,0.0579999999999999,0.291888888888889,0.402278855742851,1.77,50.8928571428571
60,1309,0.236,-0.264,0.208357142857143,0.0579999999999999,0.291888888888889,0.402278855742851,1.77,50.8928571428571
63,1312,0.248,-0.252,0.209130952380952,0.0609999999999999,0.291425925925926,0.417371907923628,1.77,50.8928571428571
215,1464,0.856,0.356,0.209190476190476,0.0695000000000001,0.286796296296296,0.402012427747566,1.77,50
216,1465,0.86,0.36,0.209190476190476,0.0695000000000001,0.286796296296296,0.402012427747566,1.77,50
196,1445,0.78,0.28,0.209785714285714,0.0635,0.291055555555555,0.405591993362005,1.77,49.1071428571429
197,1446,0.784,0.284,0.209785714285714,0.0635,0.291055555555555,0.405591993362005,1.77,49.1071428571429
194,1443,0.772,0.272,0.209904761904762,0.0635,0.291240740740741,0.405366902197041,1.77,48.2142857142857
214,1463,0.852,0.352,0.210380952380952,0.0695000000000001,0.288648148148148,0.402397211562177,1.77,50
56,1305,0.22,-0.28,0.210440476190476,0.0638333333333333,0.291888888888889,0.402990931009856,1.77,50
58,1307,0.228,-0.272,0.211333333333333,0.0563333333333333,0.297444444444444,0.407453990001637,1.77,50.8928571428571
193,1442,0.768,0.268,0.211392857142857,0.0651666666666667,0.29262962962963,0.405931840005386,1.77,48.2142857142857
198,1447,0.788,0.288,0.211571428571428,0.0635,0.293833333333333,0.406939925756374,1.77,49.1071428571429
55,1304,0.216,-0.284,0.211630952380952,0.0613333333333333,0.29512962962963,0.404649201396069,1.77,50
199,1448,0.792,0.292,0.211869047619048,0.0635,0.294296296296296,0.407000867749943,1.77,49.1071428571429
222,1471,0.884,0.384,0.212166666666667,0.0695000000000001,0.291425925925926,0.404482453952647,1.77,49.1071428571429
200,1449,0.796,0.296,0.212404761904762,0.0635,0.295129629629629,0.407044740335655,1.77,48.2142857142857
207,1456,0.824,0.324,0.212404761904762,0.0635,0.295129629629629,0.407044740335655,1.77,48.2142857142857
208,1457,0.828,0.328,0.212404761904762,0.0635,0.295129629629629,0.408941364601992,1.77,49.1071428571429
213,1462,0.848,0.348,0.212702380952381,0.0693333333333334,0.292351851851852,0.405557748417642,1.77,49.1071428571429
204,1453,0.812,0.312,0.212761904761905,0.0635,0.295685185185185,0.410145280106514,1.77,49.1071428571429
209,1458,0.832,0.332,0.213,0.0635,0.296055555555555,0.409794402573964,1.77,50
205,1454,0.816,0.316,0.213059523809524,0.0635,0.296148148148148,0.410205745898633,1.77,49.1071428571429
206,1455,0.82,0.32,0.213059523809524,0.0635,0.296148148148148,0.410205745898633,1.77,49.1071428571429
202,1451,0.804,0.304,0.213297619047619,0.0635,0.296518518518518,0.410188816375294,1.77,48.2142857142857
203,1452,0.808,0.308,0.213297619047619,0.0635,0.296518518518518,0.410188816375294,1.77,48.2142857142857
201,1450,0.8,0.3,0.213595238095238,0.0635,0.296981481481481,0.410249275750693,1.77,48.2142857142857
217,1466,0.864,0.364,0.213654761904762,0.0695000000000001,0.293740740740741,0.407500248320111,1.77,50
218,1467,0.868,0.368,0.213654761904762,0.0695000000000001,0.293740740740741,0.407500248320111,1.77,50
219,1468,0.872,0.372,0.213654761904762,0.0695000000000001,0.293740740740741,0.407500248320111,1.77,50
220,1469,0.876,0.376,0.213952380952381,0.0695000000000001,0.294203703703704,0.407512420689079,1.77,50
212,1461,0.844,0.344,0.214488095238095,0.0693333333333334,0.295129629629629,0.410053355026213,1.77,49.1071428571429
221,1470,0.88,0.38,0.214547619047619,0.0695000000000001,0.295129629629629,0.407609786554786,1.77,49.1071428571429
57,1306,0.224,-0.276,0.215202380952381,0.0638333333333333,0.299296296296296,0.409166913975291,1.77,50
223,1472,0.888,0.388,0.217464285714286,0.076,0.296055555555555,0.41111649181378,1.77,47.3214285714286
52,1301,0.204,-0.296,0.218178571428571,0.0713333333333333,0.299759259259259,0.407254288566192,1.77,48.2142857142857
54,1303,0.212,-0.288,0.218178571428571,0.0713333333333333,0.299759259259259,0.409934789626389,1.77,50
50,1299,0.196,-0.304,0.21877380952381,0.0713333333333333,0.300685185185185,0.407877422841093,1.77,48.2142857142857
51,1300,0.2,-0.3,0.21877380952381,0.0713333333333333,0.300685185185185,0.407877422841093,1.77,48.2142857142857
53,1302,0.208,-0.292,0.21877380952381,0.0713333333333333,0.300685185185185,0.409983187808615,1.77,49.1071428571429
251,1500,1,0.5,0.219071428571429,0.0663333333333334,0.303925925925926,0.401548223991187,1.77,44.6428571428571
250,1499,0.996,0.496,0.220559523809524,0.0663333333333334,0.306240740740741,0.403704207683778,1.77,44.6428571428571
249,1498,0.992,0.492,0.221452380952381,0.0663333333333334,0.30762962962963,0.404403960776923,1.77,44.6428571428571
37,1286,0.144,-0.356,0.222880952380952,0.0911666666666667,0.296055555555556,0.401951223053601,1.77,45.5357142857143
247,1496,0.984,0.484,0.222940476190476,0.0663333333333334,0.309944444444444,0.414452335130637,1.77,45.5357142857143
241,1490,0.96,0.46,0.223178571428571,0.0688333333333334,0.308925925925926,0.4153776537539,1.77,43.75
246,1495,0.98,0.48,0.223238095238095,0.0663333333333334,0.310407407407407,0.414488238675116,1.77,44.6428571428571
235,1484,0.936,0.436,0.224071428571429,0.0655000000000001,0.312166666666667,0.421449812485952,1.77,44.6428571428571
236,1485,0.94,0.44,0.224071428571429,0.0655000000000001,0.312166666666667,0.421449812485952,1.77,44.6428571428571
224,1473,0.892,0.392,0.224309523809524,0.076,0.306703703703704,0.424987049289142,1.77,47.3214285714286
23,1272,0.088,-0.412,0.22502380952381,0.106833333333333,0.290685185185185,0.399505279381848,1.77,43.75
49,1298,0.192,-0.308,0.225202380952381,0.0843333333333333,0.303462962962963,0.411952985065968,1.77,47.3214285714286
248,1497,0.988,0.488,0.225321428571429,0.0663333333333334,0.313648148148148,0.415504216546901,1.77,44.6428571428571
245,1494,0.976,0.476,0.225321428571429,0.0663333333333334,0.313648148148148,0.419375603517177,1.77,44.6428571428571
240,1489,0.956,0.456,0.225559523809524,0.0655000000000001,0.314481481481481,0.422406775664151,1.77,43.75
36,1285,0.14,-0.36,0.225559523809524,0.0911666666666667,0.300222222222222,0.407084221620126,1.77,46.4285714285714
234,1483,0.932,0.432,0.225857142857143,0.0638333333333334,0.31587037037037,0.422897347670409,1.77,45.5357142857143
238,1487,0.948,0.448,0.225857142857143,0.0655000000000001,0.314944444444444,0.42720123691932,1.77,44.6428571428571
239,1488,0.952,0.452,0.225857142857143,0.0655000000000001,0.314944444444444,0.42720123691932,1.77,44.6428571428571
227,1476,0.904,0.404,0.226154761904762,0.0753333333333334,0.309944444444444,0.423801887304126,1.77,46.4285714285714
225,1474,0.896,0.396,0.226392857142857,0.076,0.309944444444444,0.423829976767039,1.77,45.5357142857143
226,1475,0.9,0.4,0.226392857142857,0.076,0.309944444444444,0.423829976767039,1.77,45.5357142857143
233,1482,0.928,0.428,0.226452380952381,0.0638333333333334,0.316796296296296,0.423127180775604,1.77,45.5357142857143
244,1493,0.972,0.472,0.226809523809524,0.0663333333333334,0.315962962962963,0.417400430099945,1.77,43.75
237,1486,0.944,0.444,0.227940476190476,0.0655000000000001,0.318185185185185,0.429422489633664,1.77,44.6428571428571
243,1492,0.968,0.468,0.228595238095238,0.0713333333333334,0.315962962962963,0.418112852161778,1.77,43.75
35,1284,0.136,-0.364,0.228714285714286,0.0911666666666667,0.30512962962963,0.409375860595242,1.77,45.5357142857143
228,1477,0.908,0.408,0.228892857142857,0.0756666666666668,0.314018518518518,0.426834165410765,1.77,46.4285714285714
229,1478,0.912,0.412,0.228892857142857,0.0756666666666668,0.314018518518518,0.426834165410765,1.77,46.4285714285714
230,1479,0.916,0.416,0.228892857142857,0.0756666666666668,0.314018518518518,0.426834165410765,1.77,46.4285714285714
231,1480,0.92,0.42,0.228892857142857,0.0756666666666668,0.314018518518518,0.426834165410765,1.77,46.4285714285714
242,1491,0.964,0.464,0.228892857142857,0.0713333333333334,0.316425925925926,0.418150813911205,1.77,42.8571428571429
232,1481,0.924,0.424,0.230619047619048,0.0805000000000001,0.314018518518518,0.427373048076528,1.77,45.5357142857143
38,1287,0.148,-0.352,0.230619047619048,0.0911666666666667,0.308092592592593,0.416844371628945,1.77,45.5357142857143
32,1281,0.124,-0.376,0.231392857142857,0.102,0.303277777777778,0.4091964929484,1.77,43.75
33,1282,0.128,-0.372,0.231392857142857,0.103666666666667,0.302351851851852,0.408861786325722,1.77,43.75
39,1288,0.152,-0.348,0.231511904761905,0.0911666666666667,0.309481481481482,0.417602881535397,1.77,45.5357142857143
34,1283,0.132,-0.368,0.231690476190476,0.102,0.303740740740741,0.410431083865702,1.77,44.6428571428571
22,1271,0.084,-0.416,0.232464285714286,0.106833333333333,0.302259259259259,0.411842674924405,1.77,43.75
31,1280,0.12,-0.38,0.23377380952381,0.102,0.306981481481482,0.412480523830741,1.77,43.75
40,1289,0.156,-0.344,0.233833333333333,0.0943333333333333,0.311333333333333,0.413702916565261,1.77,45.5357142857143
24,1273,0.092,-0.408,0.233952380952381,0.106833333333333,0.304574074074074,0.417227365597194,1.77,44.6428571428571
20,1269,0.076,-0.424,0.2355,0.106166666666667,0.307351851851852,0.417329596438465,1.77,44.6428571428571
30,1279,0.116,-0.384,0.235559523809524,0.102,0.309759259259259,0.411888440359264,1.77,43.75
14,1263,0.052,-0.448,0.237107142857143,0.110333333333333,0.307537037037037,0.421455461880857,1.77,41.9642857142857
48,1297,0.188,-0.312,0.237404761904762,0.0901666666666667,0.319203703703704,0.428358466929832,1.77,46.4285714285714
29,1278,0.112,-0.388,0.237940476190476,0.103666666666667,0.312537037037037,0.41374607848331,1.77,43.75
43,1292,0.168,-0.332,0.238,0.0943333333333333,0.317814814814815,0.426553305252957,1.77,44.6428571428571
25,1274,0.096,-0.404,0.238119047619048,0.105166666666667,0.311981481481481,0.418734516415945,1.77,42.8571428571429
12,1261,0.044,-0.456,0.238178571428571,0.127833333333333,0.299481481481481,0.420456224246873,1.77,41.9642857142857
42,1291,0.164,-0.336,0.238297619047619,0.0943333333333333,0.318277777777778,0.426657951919928,1.77,44.6428571428571
21,1270,0.08,-0.42,0.23877380952381,0.106166666666667,0.312444444444444,0.419286175333026,1.77,44.6428571428571
47,1296,0.184,-0.316,0.238892857142857,0.0901666666666667,0.321518518518519,0.428699241523168,1.77,45.5357142857143
46,1295,0.18,-0.32,0.239190476190476,0.0901666666666667,0.321981481481482,0.428710811990391,1.77,45.5357142857143
11,1260,0.04,-0.46,0.239964285714286,0.127833333333333,0.302259259259259,0.42341874841336,1.77,41.9642857142857
10,1259,0.036,-0.464,0.240083333333333,0.127833333333333,0.302444444444444,0.423437491873133,1.77,41.9642857142857
41,1290,0.16,-0.34,0.240083333333333,0.0943333333333333,0.321055555555556,0.429868593801068,1.77,44.6428571428571
26,1275,0.1,-0.4,0.240202380952381,0.106833333333333,0.314296296296296,0.42045575234802,1.77,42.8571428571429
13,1262,0.048,-0.452,0.24097619047619,0.127833333333333,0.303833333333333,0.42939106939501,1.77,41.9642857142857
16,1265,0.06,-0.44,0.241273809523809,0.110333333333333,0.314018518518518,0.431991631679677,1.84,41.0714285714286
9,1258,0.032,-0.468,0.242166666666667,0.127833333333333,0.305685185185185,0.424315162518213,1.77,41.9642857142857
44,1293,0.172,-0.328,0.242761904761905,0.0943333333333333,0.325222222222222,0.441434467264269,1.77,44.6428571428571
28,1277,0.108,-0.392,0.243297619047619,0.103666666666667,0.32087037037037,0.422937694762235,1.77,43.75
15,1264,0.056,-0.444,0.243357142857143,0.110333333333333,0.317259259259259,0.439628838764037,1.84,41.0714285714286
19,1268,0.072,-0.428,0.243833333333333,0.106166666666667,0.320314814814815,0.435936894734176,1.84,43.75
27,1276,0.104,-0.396,0.244130952380952,0.106833333333333,0.320407407407407,0.423324549965124,1.77,43.75
45,1294,0.176,-0.324,0.244547619047619,0.0943333333333333,0.328,0.44302274297563,1.77,44.6428571428571
17,1266,0.064,-0.436,0.247107142857143,0.116166666666667,0.319851851851852,0.436301310258557,1.84,41.9642857142857
8,1257,0.028,-0.472,0.249607142857143,0.127833333333333,0.317259259259259,0.442729744860368,1.84,41.0714285714286
18,1267,0.068,-0.432,0.249785714285714,0.116166666666667,0.324018518518518,0.440363423145525,1.84,41.9642857142857
1,1250,0,-0.5,0.249904761904762,0.141666666666667,0.310037037037037,0.447944715622328,1.84,42.8571428571429
2,1251,0.004,-0.496,0.2505,0.141666666666667,0.310962962962963,0.44801779478548,1.84,42.8571428571429
3,1252,0.008,-0.492,0.251511904761905,0.1445,0.310962962962963,0.448431685087568,1.84,42.8571428571429
4,1253,0.012,-0.488,0.253,0.1445,0.313277777777778,0.451221560683216,1.84,41.9642857142857
7,1256,0.024,-0.476,0.25347619047619,0.127833333333333,0.323277777777778,0.446111622091466,1.84,40.1785714285714
6,1255,0.02,-0.48,0.254071428571429,0.127833333333333,0.324203703703704,0.447044642847236,1.84,41.0714285714286
5,1254,0.016,-0.484,0.254488095238095,0.1445,0.315592592592593,0.451595170935982,1.84,41.0714285714286
